<?xml version="1.0" ?>
<!--
     Copyright 2020, Data61, CSIRO (ABN 41 687 119 230)

     SPDX-License-Identifier: BSD-2-Clause
-->

<api name="ObjectApiX64" label_prefix="x86_64_">
    <struct name="seL4_UserContext">
        <member name="rip"/>
        <member name="rsp"/>
        <member name="rflags"/>
        <member name="rax"/>
        <member name="rbx"/>
        <member name="rcx"/>
        <member name="rdx"/>
        <member name="rsi"/>
        <member name="rdi"/>
        <member name="rbp"/>
        <member name="r8"/>
        <member name="r9"/>
        <member name="r10"/>
        <member name="r11"/>
        <member name="r12"/>
        <member name="r13"/>
        <member name="r14"/>
        <member name="r15"/>
        <member name="fs_base"/>
        <member name="gs_base"/>
    </struct>

    <interface name="seL4_X86_PDPT" manual_name="PDPT">
        <method id="X86PDPTMap" name="Map">
            <description>
                TODO
            </description>
            <param dir="in" name="pml4" type="seL4_X64_PML4"/>
            <param dir="in" name="vaddr" type="seL4_Word"/>
            <param dir="in" name="attr" type="seL4_X86_VMAttributes"/>
            <error name="seL4_DeleteFirst">
                <description>
                    A mapping already exists for this level in <texttt text="vspace"/> at <texttt text="vaddr"/>.
                </description>
            </error>
            <error name="seL4_FailedLookup">
                <description>
                    The <texttt text="pml4"/> is not assigned to an ASID pool.
                </description>
            </error>
            <error name="seL4_IllegalOperation">
                <description>
                    The <texttt text="_service"/> is a CPtr to a capability of the wrong type.
                </description>
            </error>
            <error name="seL4_InvalidArgument">
                <description>
                    The <texttt text="vaddr"/> is in the kernel virtual address range.
                </description>
            </error>
            <error name="seL4_InvalidCapability">
                <description>
                    The <texttt text="_service"/> or <texttt text="pml4"/> is a CPtr to a capability of the wrong type.
                    Or, <texttt text="pml4"/> is not assigned to an ASID pool.
                    Or, <texttt text="_service"/> is already mapped in a VSpace.
                </description>
            </error>
        </method>
        <method id="X86PDPTUnmap" name="Unmap">
            <description>
                TODO
            </description>
            <error name="seL4_IllegalOperation">
                <description>
                    The <texttt text="_service"/> is a CPtr to a capability of the wrong type.
                </description>
            </error>
            <error name="seL4_InvalidCapability">
                <description>
                    The <texttt text="_service"/> is a CPtr to a capability of the wrong type.
                </description>
            </error>
            <error name="seL4_RevokeFirst">
                <description>
                    A copy of the <texttt text="_service"/> capability exists.
                </description>
            </error>
        </method>
    </interface>
</api>
